79;__Packages.com.sulake.habbo.traxplayer.ui.Initializer
80;__Packages.com.sulake.habbo.traxplayer.PlayerListener
81;__Packages.com.sulake.habbo.traxplayer.TraxSong
82;__Packages.com.sulake.habbo.traxplayer.TraxPlayer
83;__Packages.com.sulake.habbo.traxplayer.ui.UiPlayerListener
84;__Packages.com.sulake.habbo.traxplayer.Configuration
85;__Packages.com.sulake.habbo.traxplayer.util.Logger
86;__Packages.com.sulake.habbo.traxplayer.core.Player
87;__Packages.com.sulake.habbo.traxplayer.core.Status
88;__Packages.com.sulake.habbo.traxplayer.core.Song
89;__Packages.com.sulake.habbo.traxplayer.core.SongData
90;__Packages.com.sulake.habbo.traxplayer.core.TrackData
91;__Packages.com.sulake.habbo.traxplayer.core.SampleData
92;__Packages.com.sulake.habbo.traxplayer.core.SongLoader
93;__Packages.com.sulake.habbo.traxplayer.core.Track
94;__Packages.com.sulake.habbo.traxplayer.core.Sample
95;__Packages.com.sulake.habbo.traxplayer.TestPlayerListener
